{
	"name": "response-times",
	"title": "Response Times",
	"description": "Server http response time display in player list for user/client",
	"version": "1.0.2",
	"minimumCoreVersion": "0.8.0",
    "compatibleCoreVersion": "0.8.6",
	"author": "tenuki#5050",
	"authors": [],
	"languages": [],
	"media":[],
	"socket": true,
	"scripts": ["lib/Chart.bundle.js"],
	"esmodules": ["foundry-ping-times.js"],
	"styles": [
		"foundry-ping-times.css",
		"lib/Chart.css"
	],
	"url": "https://gitlab.com/tenuki.igo/foundryvtt-ping-times",
	"manifest": "https://gitlab.com/tenuki.igo/foundryvtt-ping-times/-/raw/master/dist/module.json",
	"download": "https://gitlab.com/tenuki.igo/foundryvtt-ping-times/-/raw/v1.0.2/package/response-times-v1.0.2.zip",
	"readme": "",
	"bugs": "",
	"allowBugReporter": false,
    "flags": {
      "allowBugReporter": false
    }
}